id,first_name,second_name,occupation,city,salary
1,Emma,Johnson,Teacher,New York,45000
2,Olivia,Williams,Engineer,Los Angeles,78000
3,James,Brown,Doctor,Chicago,120000
4,William,Jones,Lawyer,Houston,110000
5,Oliver,Garcia,Nurse,Phoenix,62000
6,Elijah,Martinez,Designer,Philadelphia,58000
7,Liam,Rodriguez,Accountant,San Antonio,56000
8,Lucas,Miller,Manager,San Diego,85000
9,Mason,Wilson,Developer,Dallas,80000
10,Logan,Moore,Analyst,San Jose,72000
11,Amelia,Taylor,Teacher,Seattle,48000
12,Harper,Anderson,Engineer,Denver,82000
13,Evelyn,Thomas,Doctor,Boston,125000
14,Abigail,Jackson,Lawyer,Portland,105000
15,Emily,White,Nurse,Nashville,61000
16,Elizabeth,Harris,Designer,Atlanta,59000
17,Sofia,Martin,Accountant,Orlando,54000
18,Avery,Thompson,Manager,Miami,87000
19,Ella,Garcia,Developer,Minneapolis,81000
20,Madison,Martinez,Analyst,Tampa,74000
21,Scarlett,Robinson,Teacher,Austin,49000
22,Victoria,Clark,Engineer,Pittsburgh,79000
23,Aria,Rodriguez,Doctor,Anaheim,118000
24,Grace,Lewis,Lawyer,Riverside,108000
25,Chloe,Lee,Nurse,Las Vegas,65000
26,Camila,Walker,Designer,Scottsdale,57000
27,Penelope,Hall,Accountant,Chandler,55000
28,Riley,Allen,Manager,St. Louis,86000
29,Lily,Young,Developer,Aurora,79000
30,Nora,King,Analyst,Henderson,75000
31,Luna,Wright,Teacher,Tucson,47000
32,Hannah,Scott,Engineer,Plano,81000
33,Zoey,Green,Doctor,Corpus Christi,122000
34,Emilia,Adams,Lawyer,Spokane,106000
35,Elizabeth,Baker,Nurse,St. Paul,63000
36,Sarah,Nelson,Designer,Lincoln,58000
37,Ellie,Carter,Accountant,Anchorage,56000
38,Natalie,Mitchell,Manager,Jersey City,88000
39,Kaylee,Perez,Developer,Chula Vista,78000
40,Jessica,Roberts,Analyst,Toledo,73000
41,Isabella,Turner,Teacher,Oakland,50000
42,Aubrey,Phillips,Engineer,Fremont,83000
43,Sophia,Campbell,Doctor,Irvine,123000
44,Aurora,Parker,Lawyer,Modesto,105000
45,Alice,Evans,Nurse,Fontana,66000
46,Madelyn,Edwards,Designer,Glendale,59000
47,Clara,Collins,Accountant,Spokane Valley,55000
48,Alice,Stewart,Manager,Boise,85000
49,Naomi,Morris,Developer,Des Moines,77000
50,Maya,Murphy,Analyst,Lancaster,74000
51,Isabelle,Morgan,Teacher,Chattanooga,48000
52,Eleanor,Rogers,Engineer,Grand Rapids,80000
53,Caroline,Cooper,Doctor,Huntsville,119000
54,Quinn,Peterson,Lawyer,Overland Park,107000
55,Ivy,Bailey,Nurse,Mobile,62000
56,Valentina,Reed,Designer,Salem,58000
57,Stella,Kelly,Accountant,Peoria,56000
58,Zara,Howard,Manager,Provo,86000
59,Vivian,Ramos,Developer,Surprise,79000
60,Brooklyn,Cox,Analyst,El Monte,72000
61,Julia,Wood,Teacher,Santa Clarita,49000
62,Isla,Martinez,Engineer,Charleston,82000
63,Leah,James,Doctor,Warren,118000
64,Lillian,Ward,Lawyer,Fayetteville,105000
65,Eva,Turner,Nurse,Cary,65000
66,Ariana,Ross,Designer,West Valley City,57000
67,Aaliyah,Henderson,Accountant,New Haven,55000
68,Layla,Coleman,Manager,Arlington,87000
69,Eliana,Jenkins,Developer,Providence,78000
70,Willow,Perry,Analyst,Little Rock,73000
71,Vivienne,Powell,Teacher,Columbus,48000
72,Aurora,Long,Engineer,Grand Prairie,81000
73,Mackenzie,Patterson,Doctor,El Paso,120000
74,Elena,Hughes,Lawyer,Mesquite,106000
75,Naomi,Foster,Nurse,McKinney,64000
76,Hazel,Bryant,Designer,Arlington,59000
77,Zoe,Alexander,Accountant,Idaho Falls,56000
78,Bella,Russell,Manager,Salt Lake City,88000
79,Aubree,Griffin,Developer,Reno,79000
80,Adeline,Diaz,Analyst,Clarksville,74000
81,Lucy,Hayes,Teacher,Springfield,50000
82,Genesis,Pierce,Engineer,Salinas,83000
83,Sadie,Barnes,Doctor,Greenville,121000
84,Paisley,Bennett,Lawyer,Peoria,108000
85,Everly,Owens,Nurse,Augusta,63000
86,Skylar,Rodriquez,Designer,Knoxville,58000
87,Allison,Moore,Accountant,Mobile,55000
88,Athena,Medina,Manager,Columbia,86000
89,Taylor,Flores,Developer,Jackson,78000
90,Arianna,Reyes,Analyst,Lansing,75000
91,Faith,Washington,Teacher,Chattanooga,49000
92,Lily,Butler,Engineer,Fort Wayne,82000
93,Madelyn,Simmons,Doctor,Port St. Lucie,119000
94,Madison,Romero,Lawyer,Rancho Cucamonga,107000
95,Fiona,Morgan,Nurse,Hollywood,65000
96,Alice,Gonzales,Designer,Dayton,58000
97,Amanda,Pierce,Accountant,Aurora,56000
98,Ashley,Mills,Manager,Escondido,87000
99,Serenity,Nguyen,Developer,McAllen,79000
100,Maria,Ramirez,Analyst,Fullerton,76000